Uid,Sid,Key,Time,Category,Value,UpdateTime
8197699185,906894280,belly_dance,1773917470,belly_dance,"{""anaerobic_train_effect"":0.4,""anaerobic_train_effect_level"":1,""avg_hrm"":117,""calories"":124,""duration"":1822,""end_time"":1773919295,""hrm_aerobic_duration"":293,""hrm_anaerobic_duration"":0,""hrm_extreme_duration"":0,""hrm_fat_burning_duration"":768,""hrm_warm_up_duration"":730,""lower_limit_heartrate_zone_five"":0,""lower_limit_heartrate_zone_four"":0,""lower_limit_heartrate_zone_one"":0,""lower_limit_heartrate_zone_three"":0,""lower_limit_heartrate_zone_two"":0,""max_hrm"":140,""min_hrm"":90,""peek_training_effect"":0.0,""peek_training_effect_rating"":0,""proto_type"":8,""punch_hit_rate"":0,""recover_time"":14,""reserve_hr_zone"":0,""designated_course"":0,""sport_type"":401,""start_time"":1773917470,""time"":1773917470,""total_cal"":162,""train_effect"":2.5,""aerobic_train_effect_level"":3,""training_experience"":0,""train_load"":24,""training_pressure"":0,""timezone"":4,""version"":11,""vitality"":6}",1773919298
8197699185,906894280,belly_dance,1774261038,belly_dance,"{""anaerobic_train_effect"":0.4,""anaerobic_train_effect_level"":1,""avg_hrm"":124,""calories"":294,""duration"":3062,""end_time"":1774264102,""hrm_aerobic_duration"":452,""hrm_anaerobic_duration"":0,""hrm_extreme_duration"":0,""hrm_fat_burning_duration"":2561,""hrm_warm_up_duration"":25,""lower_limit_heartrate_zone_five"":0,""lower_limit_heartrate_zone_four"":0,""lower_limit_heartrate_zone_one"":0,""lower_limit_heartrate_zone_three"":0,""lower_limit_heartrate_zone_two"":0,""max_hrm"":148,""min_hrm"":79,""peek_training_effect"":0.0,""peek_training_effect_rating"":0,""proto_type"":8,""punch_hit_rate"":0,""recover_time"":18,""reserve_hr_zone"":0,""designated_course"":0,""sport_type"":401,""start_time"":1774261038,""time"":1774261038,""total_cal"":361,""train_effect"":2.8,""aerobic_train_effect_level"":3,""training_experience"":0,""train_load"":51,""training_pressure"":0,""timezone"":4,""version"":11,""vitality"":16}",1774264104
8197699185,906894280,high_interval_training,1774345425,high_interval_training,"{""anaerobic_train_effect"":1.4,""anaerobic_train_effect_level"":2,""avg_hrm"":122,""calories"":149,""duration"":1691,""end_time"":1774347125,""group_count"":1,""hrm_aerobic_duration"":265,""hrm_anaerobic_duration"":12,""hrm_extreme_duration"":0,""hrm_fat_burning_duration"":1172,""hrm_recover_rate"":0.0,""hrm_warm_up_duration"":224,""lower_limit_heartrate_zone_five"":0,""lower_limit_heartrate_zone_four"":0,""lower_limit_heartrate_zone_one"":0,""lower_limit_heartrate_zone_three"":0,""lower_limit_heartrate_zone_two"":0,""max_hrm"":153,""min_hrm"":93,""peek_training_effect"":0.0,""peek_training_effect_rating"":0,""proto_type"":16,""recover_time"":13,""reserve_hr_zone"":0,""designated_course"":0,""sport_type"":16,""start_time"":1774345425,""time"":1774345425,""total_cal"":188,""rest_between_group_duration"":0,""train_effect"":2.3,""aerobic_train_effect_level"":3,""training_experience"":0,""train_load"":26,""training_pressure"":0,""timezone"":4,""version"":7,""vitality"":5}",1774347187
8197699185,906894280,belly_dance,1774465551,belly_dance,"{""anaerobic_train_effect"":0.0,""anaerobic_train_effect_level"":1,""avg_hrm"":109,""calories"":86,""duration"":1212,""end_time"":1774466766,""hrm_aerobic_duration"":0,""hrm_anaerobic_duration"":0,""hrm_extreme_duration"":0,""hrm_fat_burning_duration"":464,""hrm_warm_up_duration"":711,""lower_limit_heartrate_zone_five"":0,""lower_limit_heartrate_zone_four"":0,""lower_limit_heartrate_zone_one"":0,""lower_limit_heartrate_zone_three"":0,""lower_limit_heartrate_zone_two"":0,""max_hrm"":125,""min_hrm"":85,""peek_training_effect"":0.0,""peek_training_effect_rating"":0,""proto_type"":8,""punch_hit_rate"":0,""recover_time"":2,""reserve_hr_zone"":0,""designated_course"":0,""sport_type"":401,""start_time"":1774465551,""time"":1774465551,""total_cal"":115,""train_effect"":1.2,""aerobic_train_effect_level"":2,""training_experience"":0,""train_load"":10,""training_pressure"":0,""timezone"":4,""version"":11,""vitality"":1}",1774466845
8197699185,906894280,belly_dance,1775414539,belly_dance,"{""anaerobic_train_effect"":0.0,""anaerobic_train_effect_level"":1,""avg_hrm"":104,""calories"":204,""duration"":3230,""end_time"":1775417771,""hrm_aerobic_duration"":0,""hrm_anaerobic_duration"":0,""hrm_extreme_duration"":0,""hrm_fat_burning_duration"":688,""hrm_warm_up_duration"":2189,""lower_limit_heartrate_zone_five"":0,""lower_limit_heartrate_zone_four"":0,""lower_limit_heartrate_zone_one"":0,""lower_limit_heartrate_zone_three"":0,""lower_limit_heartrate_zone_two"":0,""max_hrm"":128,""min_hrm"":82,""peek_training_effect"":0.0,""peek_training_effect_rating"":0,""proto_type"":8,""punch_hit_rate"":0,""recover_time"":3,""reserve_hr_zone"":0,""designated_course"":0,""sport_type"":401,""start_time"":1775414539,""time"":1775414539,""total_cal"":276,""train_effect"":1.3,""aerobic_train_effect_level"":2,""training_experience"":0,""train_load"":22,""training_pressure"":0,""timezone"":8,""version"":11,""vitality"":2}",1775417773
8197699185,906894280,high_interval_training,1775547279,high_interval_training,"{""anaerobic_train_effect"":1.9,""anaerobic_train_effect_level"":2,""avg_hrm"":141,""calories"":182,""duration"":1738,""end_time"":1775549019,""group_count"":1,""hrm_aerobic_duration"":890,""hrm_anaerobic_duration"":343,""hrm_extreme_duration"":78,""hrm_fat_burning_duration"":402,""hrm_recover_rate"":0.0,""hrm_warm_up_duration"":6,""lower_limit_heartrate_zone_five"":0,""lower_limit_heartrate_zone_four"":0,""lower_limit_heartrate_zone_one"":0,""lower_limit_heartrate_zone_three"":0,""lower_limit_heartrate_zone_two"":0,""max_hrm"":180,""min_hrm"":83,""peek_training_effect"":0.0,""peek_training_effect_rating"":0,""proto_type"":16,""recover_time"":28,""reserve_hr_zone"":0,""designated_course"":0,""sport_type"":16,""start_time"":1775547279,""time"":1775547279,""total_cal"":225,""rest_between_group_duration"":0,""train_effect"":3.7,""aerobic_train_effect_level"":4,""training_experience"":0,""train_load"":62,""training_pressure"":0,""timezone"":8,""version"":7,""vitality"":13}",1775549022
8197699185,906894280,belly_dance,1775639030,belly_dance,"{""anaerobic_train_effect"":0.0,""anaerobic_train_effect_level"":1,""avg_hrm"":115,""calories"":127,""duration"":1599,""end_time"":1775640630,""hrm_aerobic_duration"":44,""hrm_anaerobic_duration"":0,""hrm_extreme_duration"":0,""hrm_fat_burning_duration"":916,""hrm_warm_up_duration"":617,""lower_limit_heartrate_zone_five"":0,""lower_limit_heartrate_zone_four"":0,""lower_limit_heartrate_zone_one"":0,""lower_limit_heartrate_zone_three"":0,""lower_limit_heartrate_zone_two"":0,""max_hrm"":135,""min_hrm"":84,""peek_training_effect"":0.0,""peek_training_effect_rating"":0,""proto_type"":8,""punch_hit_rate"":0,""recover_time"":9,""reserve_hr_zone"":0,""designated_course"":0,""sport_type"":401,""start_time"":1775639030,""time"":1775639030,""total_cal"":165,""train_effect"":1.9,""aerobic_train_effect_level"":2,""training_experience"":0,""train_load"":18,""training_pressure"":0,""timezone"":8,""version"":11,""vitality"":3}",1775640633
8197699185,906894280,high_interval_training,1775720073,high_interval_training,"{""anaerobic_train_effect"":2.1,""anaerobic_train_effect_level"":3,""avg_hrm"":128,""calories"":172,""duration"":1832,""end_time"":1775721906,""group_count"":1,""hrm_aerobic_duration"":508,""hrm_anaerobic_duration"":136,""hrm_extreme_duration"":13,""hrm_fat_burning_duration"":929,""hrm_recover_rate"":0.0,""hrm_warm_up_duration"":228,""lower_limit_heartrate_zone_five"":0,""lower_limit_heartrate_zone_four"":0,""lower_limit_heartrate_zone_one"":0,""lower_limit_heartrate_zone_three"":0,""lower_limit_heartrate_zone_two"":0,""max_hrm"":170,""min_hrm"":83,""peek_training_effect"":0.0,""peek_training_effect_rating"":0,""proto_type"":16,""recover_time"":22,""reserve_hr_zone"":0,""designated_course"":0,""sport_type"":16,""start_time"":1775720073,""time"":1775720073,""total_cal"":215,""rest_between_group_duration"":0,""train_effect"":2.8,""aerobic_train_effect_level"":3,""training_experience"":0,""train_load"":39,""training_pressure"":0,""timezone"":8,""version"":7,""vitality"":6}",1775721909
8197699185,906894280,taichi,1775751305,taichi,"{""anaerobic_train_effect"":0.0,""anaerobic_train_effect_level"":1,""avg_hrm"":89,""calories"":85,""duration"":1728,""end_time"":1775756433,""hrm_aerobic_duration"":0,""hrm_anaerobic_duration"":0,""hrm_extreme_duration"":0,""hrm_fat_burning_duration"":0,""hrm_warm_up_duration"":453,""lower_limit_heartrate_zone_five"":0,""lower_limit_heartrate_zone_four"":0,""lower_limit_heartrate_zone_one"":0,""lower_limit_heartrate_zone_three"":0,""lower_limit_heartrate_zone_two"":0,""max_hrm"":112,""min_hrm"":74,""peek_training_effect"":0.0,""peek_training_effect_rating"":0,""proto_type"":8,""punch_hit_rate"":0,""recover_time"":14,""reserve_hr_zone"":0,""designated_course"":0,""sport_type"":503,""start_time"":1775751305,""time"":1775751305,""total_cal"":121,""train_effect"":0.4,""aerobic_train_effect_level"":1,""training_experience"":0,""train_load"":2,""training_pressure"":0,""timezone"":8,""version"":11,""vitality"":0}",1775756436
8197699185,906894280,high_interval_training,1776065694,high_interval_training,"{""anaerobic_train_effect"":2.6,""anaerobic_train_effect_level"":3,""avg_hrm"":137,""calories"":194,""duration"":1802,""end_time"":1776067496,""group_count"":1,""hrm_aerobic_duration"":848,""hrm_anaerobic_duration"":349,""hrm_extreme_duration"":40,""hrm_fat_burning_duration"":477,""hrm_recover_rate"":0.0,""hrm_warm_up_duration"":69,""lower_limit_heartrate_zone_five"":0,""lower_limit_heartrate_zone_four"":0,""lower_limit_heartrate_zone_one"":0,""lower_limit_heartrate_zone_three"":0,""lower_limit_heartrate_zone_two"":0,""max_hrm"":172,""min_hrm"":83,""peek_training_effect"":0.0,""peek_training_effect_rating"":0,""proto_type"":16,""recover_time"":27,""reserve_hr_zone"":0,""designated_course"":0,""sport_type"":16,""start_time"":1776065694,""time"":1776065694,""total_cal"":238,""rest_between_group_duration"":0,""train_effect"":3.6,""aerobic_train_effect_level"":4,""training_experience"":0,""train_load"":57,""training_pressure"":0,""timezone"":8,""version"":7,""vitality"":9}",1776067500
8197699185,906894280,belly_dance,1776152498,belly_dance,"{""anaerobic_train_effect"":0.4,""anaerobic_train_effect_level"":1,""avg_hrm"":120,""calories"":300,""duration"":3682,""end_time"":1776156180,""hrm_aerobic_duration"":764,""hrm_anaerobic_duration"":78,""hrm_extreme_duration"":0,""hrm_fat_burning_duration"":1933,""hrm_warm_up_duration"":691,""lower_limit_heartrate_zone_five"":0,""lower_limit_heartrate_zone_four"":0,""lower_limit_heartrate_zone_one"":0,""lower_limit_heartrate_zone_three"":0,""lower_limit_heartrate_zone_two"":0,""max_hrm"":155,""min_hrm"":71,""peek_training_effect"":0.0,""peek_training_effect_rating"":0,""proto_type"":8,""punch_hit_rate"":0,""recover_time"":17,""reserve_hr_zone"":0,""designated_course"":0,""sport_type"":401,""start_time"":1776152498,""time"":1776152497,""total_cal"":378,""train_effect"":2.5,""aerobic_train_effect_level"":3,""training_experience"":0,""train_load"":57,""training_pressure"":0,""timezone"":8,""version"":11,""vitality"":11}",1776156183
8197699185,906894280,high_interval_training,1776243479,high_interval_training,"{""anaerobic_train_effect"":2.7,""anaerobic_train_effect_level"":3,""avg_hrm"":127,""calories"":169,""duration"":1783,""end_time"":1776245263,""group_count"":1,""hrm_aerobic_duration"":567,""hrm_anaerobic_duration"":244,""hrm_extreme_duration"":0,""hrm_fat_burning_duration"":647,""hrm_recover_rate"":0.0,""hrm_warm_up_duration"":218,""lower_limit_heartrate_zone_five"":0,""lower_limit_heartrate_zone_four"":0,""lower_limit_heartrate_zone_one"":0,""lower_limit_heartrate_zone_three"":0,""lower_limit_heartrate_zone_two"":0,""max_hrm"":166,""min_hrm"":76,""peek_training_effect"":0.0,""peek_training_effect_rating"":0,""proto_type"":16,""recover_time"":30,""reserve_hr_zone"":0,""designated_course"":0,""sport_type"":16,""start_time"":1776243479,""time"":1776243479,""total_cal"":215,""rest_between_group_duration"":0,""train_effect"":3.2,""aerobic_train_effect_level"":4,""training_experience"":0,""train_load"":41,""training_pressure"":0,""timezone"":8,""version"":7,""vitality"":7}",1776245267
8197699185,906894280,belly_dance,1776332779,belly_dance,"{""anaerobic_train_effect"":0.0,""anaerobic_train_effect_level"":1,""avg_hrm"":115,""calories"":193,""duration"":2099,""end_time"":1776334879,""hrm_aerobic_duration"":19,""hrm_anaerobic_duration"":0,""hrm_extreme_duration"":0,""hrm_fat_burning_duration"":1570,""hrm_warm_up_duration"":453,""lower_limit_heartrate_zone_five"":0,""lower_limit_heartrate_zone_four"":0,""lower_limit_heartrate_zone_one"":0,""lower_limit_heartrate_zone_three"":0,""lower_limit_heartrate_zone_two"":0,""max_hrm"":133,""min_hrm"":89,""peek_training_effect"":0.0,""peek_training_effect_rating"":0,""proto_type"":8,""punch_hit_rate"":0,""recover_time"":9,""reserve_hr_zone"":0,""designated_course"":0,""sport_type"":401,""start_time"":1776332779,""time"":1776332779,""total_cal"":238,""train_effect"":1.9,""aerobic_train_effect_level"":2,""training_experience"":0,""train_load"":23,""training_pressure"":0,""timezone"":8,""version"":11,""vitality"":5}",1776334882
8197699185,906894280,high_interval_training,1776673762,high_interval_training,"{""anaerobic_train_effect"":1.7,""anaerobic_train_effect_level"":2,""avg_hrm"":123,""calories"":163,""duration"":1740,""end_time"":1776675503,""group_count"":1,""hrm_aerobic_duration"":464,""hrm_anaerobic_duration"":33,""hrm_extreme_duration"":0,""hrm_fat_burning_duration"":945,""hrm_recover_rate"":0.0,""hrm_warm_up_duration"":277,""lower_limit_heartrate_zone_five"":0,""lower_limit_heartrate_zone_four"":0,""lower_limit_heartrate_zone_one"":0,""lower_limit_heartrate_zone_three"":0,""lower_limit_heartrate_zone_two"":0,""max_hrm"":157,""min_hrm"":92,""peek_training_effect"":0.0,""peek_training_effect_rating"":0,""proto_type"":16,""recover_time"":14,""reserve_hr_zone"":0,""designated_course"":0,""sport_type"":16,""start_time"":1776673762,""time"":1776673762,""total_cal"":205,""rest_between_group_duration"":0,""train_effect"":2.4,""aerobic_train_effect_level"":3,""training_experience"":0,""train_load"":29,""training_pressure"":0,""timezone"":8,""version"":7,""vitality"":5}",1776675506
8197699185,906894280,belly_dance,1776760713,belly_dance,"{""anaerobic_train_effect"":2.3,""anaerobic_train_effect_level"":3,""avg_hrm"":125,""calories"":251,""duration"":2653,""end_time"":1776763367,""hrm_aerobic_duration"":703,""hrm_anaerobic_duration"":359,""hrm_extreme_duration"":22,""hrm_fat_burning_duration"":675,""hrm_warm_up_duration"":866,""lower_limit_heartrate_zone_five"":0,""lower_limit_heartrate_zone_four"":0,""lower_limit_heartrate_zone_one"":0,""lower_limit_heartrate_zone_three"":0,""lower_limit_heartrate_zone_two"":0,""max_hrm"":179,""min_hrm"":92,""peek_training_effect"":0.0,""peek_training_effect_rating"":0,""proto_type"":8,""punch_hit_rate"":0,""recover_time"":23,""reserve_hr_zone"":0,""designated_course"":0,""sport_type"":401,""start_time"":1776760713,""time"":1776760713,""total_cal"":316,""train_effect"":3.0,""aerobic_train_effect_level"":4,""training_experience"":0,""train_load"":58,""training_pressure"":0,""timezone"":8,""version"":11,""vitality"":9}",1776763371
8197699185,906894280,belly_dance,1776940691,belly_dance,"{""anaerobic_train_effect"":0.4,""anaerobic_train_effect_level"":1,""avg_hrm"":135,""calories"":88,""duration"":821,""end_time"":1776941513,""hrm_aerobic_duration"":507,""hrm_anaerobic_duration"":67,""hrm_extreme_duration"":0,""hrm_fat_burning_duration"":208,""hrm_warm_up_duration"":26,""lower_limit_heartrate_zone_five"":0,""lower_limit_heartrate_zone_four"":0,""lower_limit_heartrate_zone_one"":0,""lower_limit_heartrate_zone_three"":0,""lower_limit_heartrate_zone_two"":0,""max_hrm"":156,""min_hrm"":101,""peek_training_effect"":0.0,""peek_training_effect_rating"":0,""proto_type"":8,""punch_hit_rate"":0,""recover_time"":16,""reserve_hr_zone"":0,""designated_course"":0,""sport_type"":401,""start_time"":1776940691,""time"":1776940691,""total_cal"":107,""train_effect"":2.6,""aerobic_train_effect_level"":3,""training_experience"":0,""train_load"":22,""training_pressure"":0,""timezone"":8,""version"":11,""vitality"":3}",1776941521
8197699185,906894280,belly_dance,1777299236,belly_dance,"{""anaerobic_train_effect"":0.0,""anaerobic_train_effect_level"":1,""avg_hrm"":111,""calories"":155,""duration"":1843,""end_time"":1777301080,""hrm_aerobic_duration"":22,""hrm_anaerobic_duration"":0,""hrm_extreme_duration"":0,""hrm_fat_burning_duration"":768,""hrm_warm_up_duration"":1034,""lower_limit_heartrate_zone_five"":0,""lower_limit_heartrate_zone_four"":0,""lower_limit_heartrate_zone_one"":0,""lower_limit_heartrate_zone_three"":0,""lower_limit_heartrate_zone_two"":0,""max_hrm"":134,""min_hrm"":87,""peek_training_effect"":0.0,""peek_training_effect_rating"":0,""proto_type"":8,""punch_hit_rate"":0,""recover_time"":7,""reserve_hr_zone"":0,""designated_course"":0,""sport_type"":401,""start_time"":1777299236,""time"":1777299236,""total_cal"":197,""train_effect"":1.7,""aerobic_train_effect_level"":2,""training_experience"":0,""train_load"":18,""training_pressure"":0,""timezone"":8,""version"":11,""vitality"":2}",1777301084
8197699185,906894280,belly_dance,1778512706,belly_dance,"{""anaerobic_train_effect"":0.0,""anaerobic_train_effect_level"":1,""avg_hrm"":118,""calories"":107,""duration"":1170,""end_time"":1778513877,""hrm_aerobic_duration"":66,""hrm_anaerobic_duration"":0,""hrm_extreme_duration"":0,""hrm_fat_burning_duration"":836,""hrm_warm_up_duration"":239,""lower_limit_heartrate_zone_five"":0,""lower_limit_heartrate_zone_four"":0,""lower_limit_heartrate_zone_one"":0,""lower_limit_heartrate_zone_three"":0,""lower_limit_heartrate_zone_two"":0,""max_hrm"":134,""min_hrm"":85,""peek_training_effect"":0.0,""peek_training_effect_rating"":0,""proto_type"":8,""punch_hit_rate"":0,""recover_time"":8,""reserve_hr_zone"":0,""designated_course"":0,""sport_type"":401,""start_time"":1778512706,""time"":1778512706,""total_cal"":132,""train_effect"":1.8,""aerobic_train_effect_level"":2,""training_experience"":0,""train_load"":15,""training_pressure"":0,""timezone"":8,""version"":11,""vitality"":3}",1778513879
8197699185,906894280,belly_dance,1779100262,belly_dance,"{""anaerobic_train_effect"":0.3,""anaerobic_train_effect_level"":1,""avg_hrm"":106,""calories"":209,""duration"":2966,""end_time"":1779103229,""hrm_aerobic_duration"":35,""hrm_anaerobic_duration"":0,""hrm_extreme_duration"":0,""hrm_fat_burning_duration"":836,""hrm_warm_up_duration"":1908,""lower_limit_heartrate_zone_five"":0,""lower_limit_heartrate_zone_four"":0,""lower_limit_heartrate_zone_one"":0,""lower_limit_heartrate_zone_three"":0,""lower_limit_heartrate_zone_two"":0,""max_hrm"":143,""min_hrm"":87,""peek_training_effect"":0.0,""peek_training_effect_rating"":0,""proto_type"":8,""punch_hit_rate"":0,""recover_time"":9,""reserve_hr_zone"":0,""designated_course"":0,""sport_type"":401,""start_time"":1779100262,""time"":1779100262,""total_cal"":276,""train_effect"":1.9,""aerobic_train_effect_level"":2,""training_experience"":0,""train_load"":23,""training_pressure"":0,""timezone"":8,""version"":11,""vitality"":3}",1779103231
8197699185,906894280,high_interval_training,1779183165,high_interval_training,"{""anaerobic_train_effect"":1.8,""anaerobic_train_effect_level"":2,""avg_hrm"":141,""calories"":189,""duration"":1762,""end_time"":1779184927,""group_count"":1,""hrm_aerobic_duration"":983,""hrm_anaerobic_duration"":360,""hrm_extreme_duration"":96,""hrm_fat_burning_duration"":276,""hrm_recover_rate"":0.0,""hrm_warm_up_duration"":29,""lower_limit_heartrate_zone_five"":0,""lower_limit_heartrate_zone_four"":0,""lower_limit_heartrate_zone_one"":0,""lower_limit_heartrate_zone_three"":0,""lower_limit_heartrate_zone_two"":0,""max_hrm"":175,""min_hrm"":89,""peek_training_effect"":0.0,""peek_training_effect_rating"":0,""proto_type"":16,""recover_time"":28,""reserve_hr_zone"":0,""designated_course"":0,""sport_type"":16,""start_time"":1779183165,""time"":1779183165,""total_cal"":234,""rest_between_group_duration"":0,""train_effect"":3.7,""aerobic_train_effect_level"":4,""training_experience"":0,""train_load"":66,""training_pressure"":0,""timezone"":8,""version"":7,""vitality"":8}",1779184930
8197699185,906894280,belly_dance,1779278524,belly_dance,"{""anaerobic_train_effect"":0.2,""anaerobic_train_effect_level"":1,""avg_hrm"":115,""calories"":117,""duration"":1337,""end_time"":1779279862,""hrm_aerobic_duration"":18,""hrm_anaerobic_duration"":0,""hrm_extreme_duration"":0,""hrm_fat_burning_duration"":969,""hrm_warm_up_duration"":323,""lower_limit_heartrate_zone_five"":0,""lower_limit_heartrate_zone_four"":0,""lower_limit_heartrate_zone_one"":0,""lower_limit_heartrate_zone_three"":0,""lower_limit_heartrate_zone_two"":0,""max_hrm"":136,""min_hrm"":92,""peek_training_effect"":0.0,""peek_training_effect_rating"":0,""proto_type"":8,""punch_hit_rate"":0,""recover_time"":7,""reserve_hr_zone"":0,""designated_course"":0,""sport_type"":401,""start_time"":1779278524,""time"":1779278524,""total_cal"":146,""train_effect"":1.7,""aerobic_train_effect_level"":2,""training_experience"":0,""train_load"":15,""training_pressure"":0,""timezone"":8,""version"":11,""vitality"":2}",1779279865
8197699185,906894280,high_interval_training,1779367179,high_interval_training,"{""anaerobic_train_effect"":0.4,""anaerobic_train_effect_level"":1,""avg_hrm"":117,""calories"":233,""duration"":2797,""end_time"":1779370641,""group_count"":1,""hrm_aerobic_duration"":359,""hrm_anaerobic_duration"":226,""hrm_extreme_duration"":18,""hrm_fat_burning_duration"":954,""hrm_recover_rate"":0.0,""hrm_warm_up_duration"":785,""lower_limit_heartrate_zone_five"":0,""lower_limit_heartrate_zone_four"":0,""lower_limit_heartrate_zone_one"":0,""lower_limit_heartrate_zone_three"":0,""lower_limit_heartrate_zone_two"":0,""max_hrm"":176,""min_hrm"":65,""peek_training_effect"":0.0,""peek_training_effect_rating"":0,""proto_type"":16,""recover_time"":19,""reserve_hr_zone"":0,""designated_course"":0,""sport_type"":16,""start_time"":1779367179,""time"":1779367179,""total_cal"":296,""rest_between_group_duration"":0,""train_effect"":2.9,""aerobic_train_effect_level"":3,""training_experience"":0,""train_load"":45,""training_pressure"":0,""timezone"":8,""version"":7,""vitality"":3}",1779370647
8197699185,906894280,high_interval_training,1780304634,high_interval_training,"{""anaerobic_train_effect"":1.9,""anaerobic_train_effect_level"":2,""avg_hrm"":142,""calories"":199,""duration"":1872,""end_time"":1780306507,""group_count"":1,""highlight_events"":{},""hrm_aerobic_duration"":527,""hrm_anaerobic_duration"":592,""hrm_extreme_duration"":126,""hrm_fat_burning_duration"":582,""hrm_recover_rate"":0.0,""hrm_warm_up_duration"":32,""lower_limit_heartrate_zone_five"":0,""lower_limit_heartrate_zone_four"":0,""lower_limit_heartrate_zone_one"":0,""lower_limit_heartrate_zone_three"":0,""lower_limit_heartrate_zone_two"":0,""max_hrm"":182,""min_hrm"":94,""peek_training_effect"":0.0,""peek_training_effect_rating"":0,""proto_type"":16,""recover_time"":33,""reserve_hr_zone"":0,""designated_course"":0,""sport_type"":16,""start_time"":1780304634,""time"":1780304634,""total_cal"":246,""rest_between_group_duration"":0,""train_effect"":3.9,""aerobic_train_effect_level"":4,""training_experience"":0,""train_load"":77,""training_pressure"":0,""timezone"":8,""version"":7,""vitality"":1}",1780306510
8197699185,906894280,belly_dance,1781026259,belly_dance,"{""anaerobic_train_effect"":0.0,""anaerobic_train_effect_level"":1,""avg_hrm"":108,""calories"":132,""duration"":1747,""end_time"":1781028007,""highlight_events"":{},""hrm_aerobic_duration"":0,""hrm_anaerobic_duration"":0,""hrm_extreme_duration"":0,""hrm_fat_burning_duration"":692,""hrm_warm_up_duration"":987,""lower_limit_heartrate_zone_five"":0,""lower_limit_heartrate_zone_four"":0,""lower_limit_heartrate_zone_one"":0,""lower_limit_heartrate_zone_three"":0,""lower_limit_heartrate_zone_two"":0,""max_hrm"":122,""min_hrm"":85,""peek_training_effect"":0.0,""peek_training_effect_rating"":0,""proto_type"":8,""punch_hit_rate"":0,""recover_time"":3,""reserve_hr_zone"":0,""designated_course"":0,""sport_type"":401,""start_time"":1781026259,""time"":1781026259,""total_cal"":172,""train_effect"":1.3,""aerobic_train_effect_level"":2,""training_experience"":0,""train_load"":14,""training_pressure"":0,""timezone"":8,""version"":11,""vitality"":0}",1781028009
8197699185,906894280,belly_dance,1781515692,belly_dance,"{""anaerobic_train_effect"":2.0,""anaerobic_train_effect_level"":3,""avg_hrm"":127,""calories"":289,""duration"":2921,""end_time"":1781518612,""highlight_events"":{},""hrm_aerobic_duration"":450,""hrm_anaerobic_duration"":226,""hrm_extreme_duration"":82,""hrm_fat_burning_duration"":1835,""hrm_warm_up_duration"":309,""lower_limit_heartrate_zone_five"":0,""lower_limit_heartrate_zone_four"":0,""lower_limit_heartrate_zone_one"":0,""lower_limit_heartrate_zone_three"":0,""lower_limit_heartrate_zone_two"":0,""max_hrm"":175,""min_hrm"":100,""peek_training_effect"":0.0,""peek_training_effect_rating"":0,""proto_type"":8,""punch_hit_rate"":0,""recover_time"":20,""reserve_hr_zone"":0,""designated_course"":0,""sport_type"":401,""start_time"":1781515692,""time"":1781515691,""total_cal"":354,""train_effect"":3.1,""aerobic_train_effect_level"":4,""training_experience"":0,""train_load"":65,""training_pressure"":0,""timezone"":8,""version"":11,""vitality"":1}",1782410260
8197699185,906894280,belly_dance,1781601721,belly_dance,"{""anaerobic_train_effect"":1.6,""anaerobic_train_effect_level"":2,""avg_hrm"":133,""calories"":275,""duration"":2587,""end_time"":1781605086,""highlight_events"":{},""hrm_aerobic_duration"":1042,""hrm_anaerobic_duration"":254,""hrm_extreme_duration"":0,""hrm_fat_burning_duration"":1267,""hrm_warm_up_duration"":6,""lower_limit_heartrate_zone_five"":0,""lower_limit_heartrate_zone_four"":0,""lower_limit_heartrate_zone_one"":0,""lower_limit_heartrate_zone_three"":0,""lower_limit_heartrate_zone_two"":0,""max_hrm"":163,""min_hrm"":104,""peek_training_effect"":0.0,""peek_training_effect_rating"":0,""proto_type"":8,""punch_hit_rate"":0,""recover_time"":20,""reserve_hr_zone"":0,""designated_course"":0,""sport_type"":401,""start_time"":1781601721,""time"":1781601721,""total_cal"":332,""train_effect"":3.1,""aerobic_train_effect_level"":4,""training_experience"":0,""train_load"":64,""training_pressure"":0,""timezone"":8,""version"":11,""vitality"":2}",1782410260
8197699185,906894280,belly_dance,1781696146,belly_dance,"{""anaerobic_train_effect"":1.0,""anaerobic_train_effect_level"":2,""avg_hrm"":123,""calories"":277,""duration"":2855,""end_time"":1781699001,""highlight_events"":{},""hrm_aerobic_duration"":443,""hrm_anaerobic_duration"":0,""hrm_extreme_duration"":0,""hrm_fat_burning_duration"":2307,""hrm_warm_up_duration"":84,""lower_limit_heartrate_zone_five"":0,""lower_limit_heartrate_zone_four"":0,""lower_limit_heartrate_zone_one"":0,""lower_limit_heartrate_zone_three"":0,""lower_limit_heartrate_zone_two"":0,""max_hrm"":148,""min_hrm"":87,""peek_training_effect"":0.0,""peek_training_effect_rating"":0,""proto_type"":8,""punch_hit_rate"":0,""recover_time"":17,""reserve_hr_zone"":0,""designated_course"":0,""sport_type"":401,""start_time"":1781696146,""time"":1781696146,""total_cal"":339,""train_effect"":2.7,""aerobic_train_effect_level"":3,""training_experience"":0,""train_load"":45,""training_pressure"":0,""timezone"":8,""version"":11,""vitality"":2}",1782410260
8197699185,906894280,belly_dance,1782200424,belly_dance,"{""anaerobic_train_effect"":0.0,""anaerobic_train_effect_level"":1,""avg_hrm"":103,""calories"":88,""duration"":1382,""end_time"":1782201807,""highlight_events"":{},""hrm_aerobic_duration"":5,""hrm_anaerobic_duration"":0,""hrm_extreme_duration"":0,""hrm_fat_burning_duration"":36,""hrm_warm_up_duration"":1281,""lower_limit_heartrate_zone_five"":0,""lower_limit_heartrate_zone_four"":0,""lower_limit_heartrate_zone_one"":0,""lower_limit_heartrate_zone_three"":0,""lower_limit_heartrate_zone_two"":0,""max_hrm"":131,""min_hrm"":86,""peek_training_effect"":0.0,""peek_training_effect_rating"":0,""proto_type"":8,""punch_hit_rate"":0,""recover_time"":0,""reserve_hr_zone"":0,""designated_course"":0,""sport_type"":401,""start_time"":1782200424,""time"":1782200424,""total_cal"":123,""train_effect"":0.9,""aerobic_train_effect_level"":1,""training_experience"":0,""train_load"":8,""training_pressure"":0,""timezone"":8,""version"":11,""vitality"":0}",1782201809
8197699185,906894280,belly_dance,1782315228,belly_dance,"{""anaerobic_train_effect"":0.0,""anaerobic_train_effect_level"":1,""avg_hrm"":98,""calories"":6,""duration"":127,""end_time"":1782315355,""highlight_events"":{},""hrm_aerobic_duration"":0,""hrm_anaerobic_duration"":0,""hrm_extreme_duration"":0,""hrm_fat_burning_duration"":0,""hrm_warm_up_duration"":106,""lower_limit_heartrate_zone_five"":0,""lower_limit_heartrate_zone_four"":0,""lower_limit_heartrate_zone_one"":0,""lower_limit_heartrate_zone_three"":0,""lower_limit_heartrate_zone_two"":0,""max_hrm"":109,""min_hrm"":86,""peek_training_effect"":0.0,""peek_training_effect_rating"":0,""proto_type"":8,""punch_hit_rate"":0,""recover_time"":0,""reserve_hr_zone"":0,""designated_course"":0,""sport_type"":401,""start_time"":1782315228,""time"":1782315228,""total_cal"":9,""train_effect"":0.0,""aerobic_train_effect_level"":1,""training_experience"":0,""train_load"":0,""training_pressure"":0,""timezone"":8,""version"":11,""vitality"":0}",1782315358
8197699185,906894280,belly_dance,1782366854,belly_dance,"{""anaerobic_train_effect"":0.0,""anaerobic_train_effect_level"":1,""avg_hrm"":95,""calories"":102,""duration"":1781,""end_time"":1782368636,""highlight_events"":{},""hrm_aerobic_duration"":9,""hrm_anaerobic_duration"":0,""hrm_extreme_duration"":0,""hrm_fat_burning_duration"":247,""hrm_warm_up_duration"":748,""lower_limit_heartrate_zone_five"":0,""lower_limit_heartrate_zone_four"":0,""lower_limit_heartrate_zone_one"":0,""lower_limit_heartrate_zone_three"":0,""lower_limit_heartrate_zone_two"":0,""max_hrm"":137,""min_hrm"":42,""peek_training_effect"":0.0,""peek_training_effect_rating"":0,""proto_type"":8,""punch_hit_rate"":0,""recover_time"":3,""reserve_hr_zone"":0,""designated_course"":0,""sport_type"":401,""start_time"":1782366854,""time"":1782366854,""total_cal"":141,""train_effect"":1.3,""aerobic_train_effect_level"":2,""training_experience"":0,""train_load"":8,""training_pressure"":0,""timezone"":8,""version"":11,""vitality"":0}",1782368639
8197699185,906894280,aquatic_sport,1782405852,aquatic_sport,"{""anaerobic_train_effect"":0.0,""anaerobic_train_effect_level"":1,""avg_hrm"":98,""calories"":5,""duration"":98,""end_time"":1782405951,""highlight_events"":{},""hrm_aerobic_duration"":0,""hrm_anaerobic_duration"":0,""hrm_extreme_duration"":0,""hrm_fat_burning_duration"":0,""hrm_warm_up_duration"":68,""lower_limit_heartrate_zone_five"":0,""lower_limit_heartrate_zone_four"":0,""lower_limit_heartrate_zone_one"":0,""lower_limit_heartrate_zone_three"":0,""lower_limit_heartrate_zone_two"":0,""max_hrm"":111,""min_hrm"":88,""peek_training_effect"":0.0,""peek_training_effect_rating"":0,""proto_type"":8,""punch_hit_rate"":0,""recover_time"":0,""reserve_hr_zone"":0,""designated_course"":0,""sport_type"":103,""start_time"":1782405852,""time"":1782405852,""total_cal"":7,""train_effect"":0.0,""aerobic_train_effect_level"":1,""training_experience"":0,""train_load"":0,""training_pressure"":0,""timezone"":8,""version"":11,""vitality"":0}",1782409721
8197699185,906894280,pool_swimming,1782406018,swimming,"{""algorithm_source"":0,""anaerobic_train_effect"":1.7,""anaerobic_train_effect_level"":2,""avg_hrm"":127,""avg_pace"":489,""avg_stroke_frequency"":0,""avg_swolf"":151,""best_swolf"":78,""calories"":132,""distance"":250,""duration"":1223,""end_time"":1782407241,""energy_consume"":0,""highlight_events"":{},""hrm_aerobic_duration"":400,""hrm_anaerobic_duration"":31,""hrm_extreme_duration"":0,""hrm_fat_burning_duration"":710,""hrm_warm_up_duration"":68,""lower_limit_heartrate_zone_five"":0,""lower_limit_heartrate_zone_four"":0,""lower_limit_heartrate_zone_one"":0,""lower_limit_heartrate_zone_three"":0,""lower_limit_heartrate_zone_two"":0,""main_posture"":0,""max_hrm"":156,""max_pace"":224,""max_stroke_freq"":24,""min_hrm"":101,""min_pace"":940,""pool_width"":0,""proto_type"":9,""recover_time"":13,""reserve_hr_zone"":0,""sport_type"":9,""start_time"":1782406018,""stroke_count"":290,""time"":1782406018,""total_cal"":144,""train_effect"":2.3,""aerobic_train_effect_level"":3,""training_experience"":0,""train_load"":23,""train_load_level"":0,""turn_count"":10,""timezone"":8,""valid_duration"":0,""version"":8,""vitality"":2}",1782409721
8197699185,906894280,belly_dance,1782653563,belly_dance,"{""anaerobic_train_effect"":0.4,""anaerobic_train_effect_level"":1,""avg_hrm"":119,""calories"":146,""duration"":1569,""end_time"":1782655133,""highlight_events"":{},""hrm_aerobic_duration"":112,""hrm_anaerobic_duration"":0,""hrm_extreme_duration"":0,""hrm_fat_burning_duration"":1216,""hrm_warm_up_duration"":223,""lower_limit_heartrate_zone_five"":0,""lower_limit_heartrate_zone_four"":0,""lower_limit_heartrate_zone_one"":0,""lower_limit_heartrate_zone_three"":0,""lower_limit_heartrate_zone_two"":0,""max_hrm"":144,""min_hrm"":93,""peek_training_effect"":0.0,""peek_training_effect_rating"":0,""proto_type"":8,""punch_hit_rate"":0,""recover_time"":12,""reserve_hr_zone"":0,""designated_course"":0,""sport_type"":401,""start_time"":1782653563,""time"":1782653563,""total_cal"":181,""train_effect"":2.2,""aerobic_train_effect_level"":3,""training_experience"":0,""train_load"":21,""training_pressure"":0,""timezone"":8,""version"":11,""vitality"":0}",1782655137
8197699185,906894280,belly_dance,1782713187,belly_dance,"{""anaerobic_train_effect"":0.0,""anaerobic_train_effect_level"":1,""avg_hrm"":96,""calories"":197,""duration"":3547,""end_time"":1782716734,""highlight_events"":{},""hrm_aerobic_duration"":0,""hrm_anaerobic_duration"":0,""hrm_extreme_duration"":0,""hrm_fat_burning_duration"":165,""hrm_warm_up_duration"":1872,""lower_limit_heartrate_zone_five"":0,""lower_limit_heartrate_zone_four"":0,""lower_limit_heartrate_zone_one"":0,""lower_limit_heartrate_zone_three"":0,""lower_limit_heartrate_zone_two"":0,""max_hrm"":128,""min_hrm"":80,""peek_training_effect"":0.0,""peek_training_effect_rating"":0,""proto_type"":8,""punch_hit_rate"":0,""recover_time"":0,""reserve_hr_zone"":0,""designated_course"":0,""sport_type"":401,""start_time"":1782713187,""time"":1782713186,""total_cal"":273,""train_effect"":0.9,""aerobic_train_effect_level"":1,""training_experience"":0,""train_load"":13,""training_pressure"":0,""timezone"":8,""version"":11,""vitality"":0}",1783080352
8197699185,906894280,belly_dance,1782797295,belly_dance,"{""anaerobic_train_effect"":0.3,""anaerobic_train_effect_level"":1,""avg_hrm"":120,""calories"":310,""duration"":3269,""end_time"":1782800565,""highlight_events"":{},""hrm_aerobic_duration"":567,""hrm_anaerobic_duration"":0,""hrm_extreme_duration"":0,""hrm_fat_burning_duration"":2003,""hrm_warm_up_duration"":663,""lower_limit_heartrate_zone_five"":0,""lower_limit_heartrate_zone_four"":0,""lower_limit_heartrate_zone_one"":0,""lower_limit_heartrate_zone_three"":0,""lower_limit_heartrate_zone_two"":0,""max_hrm"":141,""min_hrm"":88,""peek_training_effect"":0.0,""peek_training_effect_rating"":0,""proto_type"":8,""punch_hit_rate"":0,""recover_time"":16,""reserve_hr_zone"":0,""designated_course"":0,""sport_type"":401,""start_time"":1782797295,""time"":1782797295,""total_cal"":380,""train_effect"":2.6,""aerobic_train_effect_level"":3,""training_experience"":0,""train_load"":48,""training_pressure"":0,""timezone"":8,""version"":11,""vitality"":1}",1782800568
8197699185,906894280,pool_swimming,1782831922,swimming,"{""algorithm_source"":0,""anaerobic_train_effect"":0.3,""anaerobic_train_effect_level"":1,""avg_hrm"":95,""avg_pace"":744,""avg_stroke_frequency"":0,""avg_swolf"":83,""best_swolf"":26,""calories"":206,""distance"":320,""duration"":2383,""end_time"":1782834305,""energy_consume"":0,""highlight_events"":{},""hrm_aerobic_duration"":62,""hrm_anaerobic_duration"":0,""hrm_extreme_duration"":0,""hrm_fat_burning_duration"":123,""hrm_warm_up_duration"":614,""lower_limit_heartrate_zone_five"":0,""lower_limit_heartrate_zone_four"":0,""lower_limit_heartrate_zone_one"":0,""lower_limit_heartrate_zone_three"":0,""lower_limit_heartrate_zone_two"":0,""main_posture"":1,""max_hrm"":140,""max_pace"":206,""max_stroke_freq"":28,""min_hrm"":75,""min_pace"":3010,""pool_width"":0,""proto_type"":9,""recover_time"":7,""reserve_hr_zone"":0,""sport_type"":9,""start_time"":1782831922,""stroke_count"":276,""time"":1782831922,""total_cal"":222,""train_effect"":1.5,""aerobic_train_effect_level"":2,""training_experience"":0,""train_load"":7,""train_load_level"":0,""turn_count"":32,""timezone"":8,""valid_duration"":0,""version"":8,""vitality"":1}",1783080352
8197699185,906894280,yoga,1782921739,yoga,"{""anaerobic_train_effect"":0.0,""anaerobic_train_effect_level"":1,""avg_hrm"":86,""calories"":69,""duration"":1326,""end_time"":1782923065,""highlight_events"":{},""hrm_aerobic_duration"":0,""hrm_anaerobic_duration"":0,""hrm_extreme_duration"":0,""hrm_fat_burning_duration"":22,""hrm_warm_up_duration"":263,""lower_limit_heartrate_zone_five"":0,""lower_limit_heartrate_zone_four"":0,""lower_limit_heartrate_zone_one"":0,""lower_limit_heartrate_zone_three"":0,""lower_limit_heartrate_zone_two"":0,""max_hrm"":116,""min_hrm"":58,""peek_training_effect"":0.0,""peek_training_effect_rating"":0,""proto_type"":8,""punch_hit_rate"":0,""recover_time"":0,""reserve_hr_zone"":0,""designated_course"":0,""sport_type"":12,""start_time"":1782921739,""time"":1782921739,""total_cal"":98,""train_effect"":0.4,""aerobic_train_effect_level"":1,""training_experience"":0,""train_load"":1,""training_pressure"":0,""timezone"":8,""version"":11,""vitality"":0}",1782923069
8197699185,906894280,pool_swimming,1782923296,swimming,"{""algorithm_source"":0,""anaerobic_train_effect"":0.2,""anaerobic_train_effect_level"":1,""avg_hrm"":121,""avg_pace"":265,""avg_stroke_frequency"":0,""avg_swolf"":34,""best_swolf"":20,""calories"":110,""distance"":300,""duration"":796,""end_time"":1782924092,""energy_consume"":0,""highlight_events"":{},""hrm_aerobic_duration"":177,""hrm_anaerobic_duration"":0,""hrm_extreme_duration"":0,""hrm_fat_burning_duration"":551,""hrm_warm_up_duration"":42,""lower_limit_heartrate_zone_five"":0,""lower_limit_heartrate_zone_four"":0,""lower_limit_heartrate_zone_one"":0,""lower_limit_heartrate_zone_three"":0,""lower_limit_heartrate_zone_two"":0,""main_posture"":1,""max_hrm"":137,""max_pace"":150,""max_stroke_freq"":28,""min_hrm"":86,""min_pace"":710,""pool_width"":0,""proto_type"":9,""recover_time"":7,""reserve_hr_zone"":0,""sport_type"":9,""start_time"":1782923296,""stroke_count"":219,""time"":1782923296,""total_cal"":119,""train_effect"":1.7,""aerobic_train_effect_level"":2,""training_experience"":0,""train_load"":12,""train_load_level"":0,""turn_count"":30,""timezone"":8,""valid_duration"":0,""version"":8,""vitality"":0}",1782924096
8197699185,906894280,pool_swimming,1783006142,swimming,"{""algorithm_source"":0,""anaerobic_train_effect"":0.3,""anaerobic_train_effect_level"":1,""avg_hrm"":108,""avg_pace"":259,""avg_stroke_frequency"":0,""avg_swolf"":34,""best_swolf"":21,""calories"":171,""distance"":420,""duration"":1088,""end_time"":1783007230,""energy_consume"":0,""highlight_events"":{},""hrm_aerobic_duration"":6,""hrm_anaerobic_duration"":0,""hrm_extreme_duration"":0,""hrm_fat_burning_duration"":239,""hrm_warm_up_duration"":830,""lower_limit_heartrate_zone_five"":0,""lower_limit_heartrate_zone_four"":0,""lower_limit_heartrate_zone_one"":0,""lower_limit_heartrate_zone_three"":0,""lower_limit_heartrate_zone_two"":0,""main_posture"":1,""max_hrm"":149,""max_pace"":160,""max_stroke_freq"":28,""min_hrm"":94,""min_pace"":810,""pool_width"":0,""proto_type"":9,""recover_time"":3,""reserve_hr_zone"":0,""sport_type"":9,""start_time"":1783006142,""stroke_count"":325,""time"":1783006142,""total_cal"":185,""train_effect"":1.3,""aerobic_train_effect_level"":2,""training_experience"":0,""train_load"":8,""train_load_level"":0,""turn_count"":42,""timezone"":8,""valid_duration"":0,""version"":8,""vitality"":0}",1783007233
8197699185,906894280,yoga,1783014774,yoga,"{""anaerobic_train_effect"":0.0,""anaerobic_train_effect_level"":1,""avg_hrm"":82,""calories"":89,""duration"":1802,""end_time"":1783016577,""highlight_events"":{},""hrm_aerobic_duration"":0,""hrm_anaerobic_duration"":0,""hrm_extreme_duration"":0,""hrm_fat_burning_duration"":14,""hrm_warm_up_duration"":192,""lower_limit_heartrate_zone_five"":0,""lower_limit_heartrate_zone_four"":0,""lower_limit_heartrate_zone_one"":0,""lower_limit_heartrate_zone_three"":0,""lower_limit_heartrate_zone_two"":0,""max_hrm"":118,""min_hrm"":58,""peek_training_effect"":0.0,""peek_training_effect_rating"":0,""proto_type"":8,""punch_hit_rate"":0,""recover_time"":1,""reserve_hr_zone"":0,""designated_course"":0,""sport_type"":12,""start_time"":1783014774,""time"":1783014774,""total_cal"":127,""train_effect"":0.2,""aerobic_train_effect_level"":1,""training_experience"":0,""train_load"":1,""training_pressure"":0,""timezone"":8,""version"":11,""vitality"":0}",1783016581
8197699185,906894280,pool_swimming,1783070676,swimming,"{""algorithm_source"":0,""anaerobic_train_effect"":0.3,""anaerobic_train_effect_level"":1,""avg_hrm"":124,""avg_pace"":201,""avg_stroke_frequency"":0,""avg_swolf"":27,""best_swolf"":15,""calories"":145,""distance"":430,""duration"":867,""end_time"":1783071544,""energy_consume"":0,""highlight_events"":{},""hrm_aerobic_duration"":294,""hrm_anaerobic_duration"":0,""hrm_extreme_duration"":0,""hrm_fat_burning_duration"":482,""hrm_warm_up_duration"":78,""lower_limit_heartrate_zone_five"":0,""lower_limit_heartrate_zone_four"":0,""lower_limit_heartrate_zone_one"":0,""lower_limit_heartrate_zone_three"":0,""lower_limit_heartrate_zone_two"":0,""main_posture"":1,""max_hrm"":142,""max_pace"":132,""max_stroke_freq"":32,""min_hrm"":105,""min_pace"":740,""pool_width"":0,""proto_type"":9,""recover_time"":10,""reserve_hr_zone"":0,""sport_type"":9,""start_time"":1783070676,""stroke_count"":299,""time"":1783070676,""total_cal"":157,""train_effect"":2.0,""aerobic_train_effect_level"":3,""training_experience"":0,""train_load"":14,""train_load_level"":0,""turn_count"":43,""timezone"":8,""valid_duration"":0,""version"":8,""vitality"":0}",1783751078
8197699185,906894280,belly_dance,1783436174,belly_dance,"{""anaerobic_train_effect"":0.2,""anaerobic_train_effect_level"":1,""avg_hrm"":115,""calories"":239,""duration"":2768,""end_time"":1783438942,""highlight_events"":{},""hrm_aerobic_duration"":201,""hrm_anaerobic_duration"":0,""hrm_extreme_duration"":0,""hrm_fat_burning_duration"":1709,""hrm_warm_up_duration"":644,""lower_limit_heartrate_zone_five"":0,""lower_limit_heartrate_zone_four"":0,""lower_limit_heartrate_zone_one"":0,""lower_limit_heartrate_zone_three"":0,""lower_limit_heartrate_zone_two"":0,""max_hrm"":149,""min_hrm"":77,""peek_training_effect"":0.0,""peek_training_effect_rating"":0,""proto_type"":8,""punch_hit_rate"":0,""recover_time"":10,""reserve_hr_zone"":0,""designated_course"":0,""sport_type"":401,""start_time"":1783436174,""time"":1783436173,""total_cal"":303,""train_effect"":2.0,""aerobic_train_effect_level"":3,""training_experience"":0,""train_load"":33,""training_pressure"":0,""timezone"":8,""version"":11,""vitality"":4}",1783438945
8197699185,906894280,belly_dance,1784561356,belly_dance,"{""anaerobic_train_effect"":0.0,""anaerobic_train_effect_level"":1,""avg_hrm"":94,""calories"":95,""duration"":1635,""end_time"":1784563508,""highlight_events"":{},""hrm_aerobic_duration"":0,""hrm_anaerobic_duration"":0,""hrm_extreme_duration"":0,""hrm_fat_burning_duration"":42,""hrm_warm_up_duration"":872,""lower_limit_heartrate_zone_five"":0,""lower_limit_heartrate_zone_four"":0,""lower_limit_heartrate_zone_one"":0,""lower_limit_heartrate_zone_three"":0,""lower_limit_heartrate_zone_two"":0,""max_hrm"":117,""min_hrm"":74,""peek_training_effect"":0.0,""peek_training_effect_rating"":0,""proto_type"":8,""punch_hit_rate"":0,""recover_time"":0,""reserve_hr_zone"":0,""designated_course"":0,""sport_type"":401,""start_time"":1784561356,""time"":1784561356,""total_cal"":133,""train_effect"":0.6,""aerobic_train_effect_level"":1,""training_experience"":0,""train_load"":5,""training_pressure"":0,""timezone"":8,""version"":11,""vitality"":0}",1784563512
8197699185,906894280,belly_dance,1784731591,belly_dance,"{""anaerobic_train_effect"":2.3,""anaerobic_train_effect_level"":3,""avg_hrm"":133,""calories"":194,""duration"":1840,""end_time"":1784733435,""highlight_events"":{},""hrm_aerobic_duration"":751,""hrm_anaerobic_duration"":239,""hrm_extreme_duration"":0,""hrm_fat_burning_duration"":758,""hrm_warm_up_duration"":75,""lower_limit_heartrate_zone_five"":0,""lower_limit_heartrate_zone_four"":0,""lower_limit_heartrate_zone_one"":0,""lower_limit_heartrate_zone_three"":0,""lower_limit_heartrate_zone_two"":0,""max_hrm"":168,""min_hrm"":104,""peek_training_effect"":0.0,""peek_training_effect_rating"":0,""proto_type"":8,""punch_hit_rate"":0,""recover_time"":22,""reserve_hr_zone"":0,""designated_course"":0,""sport_type"":401,""start_time"":1784731591,""time"":1784731591,""total_cal"":235,""train_effect"":3.0,""aerobic_train_effect_level"":4,""training_experience"":0,""train_load"":48,""training_pressure"":0,""timezone"":8,""version"":11,""vitality"":5}",1784733438
8197699185,906894280,yoga,1784808239,yoga,"{""anaerobic_train_effect"":0.0,""anaerobic_train_effect_level"":1,""avg_hrm"":99,""calories"":91,""duration"":1503,""end_time"":1784809743,""highlight_events"":{},""hrm_aerobic_duration"":0,""hrm_anaerobic_duration"":0,""hrm_extreme_duration"":0,""hrm_fat_burning_duration"":82,""hrm_warm_up_duration"":1094,""lower_limit_heartrate_zone_five"":0,""lower_limit_heartrate_zone_four"":0,""lower_limit_heartrate_zone_one"":0,""lower_limit_heartrate_zone_three"":0,""lower_limit_heartrate_zone_two"":0,""max_hrm"":118,""min_hrm"":77,""peek_training_effect"":0.0,""peek_training_effect_rating"":0,""proto_type"":8,""punch_hit_rate"":0,""recover_time"":1,""reserve_hr_zone"":0,""designated_course"":0,""sport_type"":12,""start_time"":1784808239,""time"":1784808238,""total_cal"":125,""train_effect"":0.7,""aerobic_train_effect_level"":1,""training_experience"":0,""train_load"":7,""training_pressure"":0,""timezone"":8,""version"":11,""vitality"":1}",1784809751
8197699185,906894280,yoga,1784902094,yoga,"{""anaerobic_train_effect"":0.0,""anaerobic_train_effect_level"":1,""avg_hrm"":93,""calories"":108,""duration"":2070,""end_time"":1784904163,""highlight_events"":{},""hrm_aerobic_duration"":0,""hrm_anaerobic_duration"":0,""hrm_extreme_duration"":0,""hrm_fat_burning_duration"":21,""hrm_warm_up_duration"":972,""lower_limit_heartrate_zone_five"":0,""lower_limit_heartrate_zone_four"":0,""lower_limit_heartrate_zone_one"":0,""lower_limit_heartrate_zone_three"":0,""lower_limit_heartrate_zone_two"":0,""max_hrm"":119,""min_hrm"":71,""peek_training_effect"":0.0,""peek_training_effect_rating"":0,""proto_type"":8,""punch_hit_rate"":0,""recover_time"":0,""reserve_hr_zone"":0,""designated_course"":0,""sport_type"":12,""start_time"":1784902094,""time"":1784902093,""total_cal"":154,""train_effect"":0.7,""aerobic_train_effect_level"":1,""training_experience"":0,""train_load"":6,""training_pressure"":0,""timezone"":8,""version"":11,""vitality"":0}",1784904168
